forecast_id,category,topic,forecast_date,target_date,forecast_metric,forecast_value,forecast_unit,forecast_text,forecast_source,forecast_url,actual_date,actual_value,actual_unit,actual_source,actual_url,evidence_summary,interpretation,status,forecast_operator,forecast_lower,forecast_upper
FED_2022_GDP,economics,US real GDP growth,2021-12-15,2022-12-31,real_gdp_growth,4.0,percent,FOMC median projection for 2022 real GDP growth,Federal Reserve,https://www.federalreserve.gov/monetarypolicy/fomcprojtabl20211215.htm,2022-12-31,0.9,percent,BEA,https://www.bea.gov/news/2023/gross-domestic-product-fourth-quarter-and-year-2022-second-estimate,Fed projected 4.0 percent Q4-over-Q4 real GDP growth; BEA later reported 0.9 percent.,Forecast materially exceeded the observed annual growth rate.,complete,eq,,
FED_2022_UNEMP,economics,US unemployment rate,2021-12-15,2022-12-31,unemployment_rate,3.5,percent,FOMC median projection for 2022 unemployment,Federal Reserve,https://www.federalreserve.gov/monetarypolicy/fomcprojtabl20211215.htm,2022-12-31,3.6,percent,BLS,https://www.bls.gov/news.release/archives/srgune_03012023.htm,Fed projected 3.5 percent unemployment; BLS annual average was 3.6 percent.,Forecast was very close to the observed outcome.,complete,eq,,
FED_2022_PCE,economics,US PCE inflation,2021-12-15,2022-12-31,pce_inflation,2.6,percent,FOMC median projection for 2022 PCE inflation,Federal Reserve,https://www.federalreserve.gov/monetarypolicy/fomcprojtabl20211215.htm,2022-12-31,5.7,percent,BEA,https://www.bea.gov/news/2023/gross-domestic-product-fourth-quarter-and-year-2022-second-estimate,Fed projected 2.6 percent Q4-over-Q4 PCE inflation; BEA later reported 5.7 percent.,Inflation substantially exceeded the projection.,complete,eq,,
IEA_2020_RENEWABLES,technology_energy,Global renewable capacity additions,2020-11-10,2020-12-31,renewable_capacity_additions,198.0,GW,IEA expected more than 198 GW of renewable additions in 2020,IEA,https://www.iea.org/reports/renewables-2020/renewable-electricity-2,2020-12-31,260.0,GW,IRENA,https://www.irena.org/newsroom/pressreleases/2021/Apr/World-Adds-Record-New-Renewable-Energy-Capacity-in-2020,IEA forecast roughly 198 GW while IRENA later reported more than 260 GW added.,Observed renewable additions materially exceeded the forecast.,complete,eq,,
IEA_2020_SOLAR,technology_energy,Global solar PV additions,2020-11-10,2020-12-31,solar_capacity_additions,107.0,GW,IEA expected nearly 107 GW of global solar PV additions in 2020,IEA,https://www.iea.org/reports/renewables-2020/solar-pv,2020-12-31,127.0,GW,IRENA,https://www.irena.org/newsroom/pressreleases/2021/Apr/World-Adds-Record-New-Renewable-Energy-Capacity-in-2020,IEA forecast nearly 107 GW; IRENA reported 127 GW of solar additions.,Solar deployment exceeded the forecast.,complete,eq,,
FED_2023_GDP,economics,US real GDP growth,2022-12-14,2023-12-31,real_gdp_growth_q4_q4,0.5,percent,FOMC median projection for 2023 real GDP growth,Federal Reserve,https://www.federalreserve.gov/monetarypolicy/fomcprojtabl20221214.htm,2023-12-31,3.1,percent,BEA,https://www.bea.gov/news/2024/gross-domestic-product-fourth-quarter-and-year-2023-advance-estimate,Fed projected 0.5 percent Q4-over-Q4 growth; BEA reported 3.1 percent.,Economic growth substantially exceeded the projection.,complete,eq,,
FED_2023_UNEMP,economics,US unemployment rate,2022-12-14,2023-12-31,unemployment_rate_q4,4.6,percent,FOMC median projection for 2023 unemployment,Federal Reserve,https://www.federalreserve.gov/monetarypolicy/fomcprojtabl20221214.htm,2023-12-31,3.7,percent,BLS,https://www.bls.gov/opub/ted/2024/unemployment-rate-at-3-7-percent-in-december-2023.htm,Fed projected 4.6 percent unemployment; unemployment was about 3.7 percent at year-end.,The labor market remained materially stronger than projected.,complete,eq,,
FED_2023_PCE,economics,US PCE inflation,2022-12-14,2023-12-31,pce_inflation_q4_q4,3.1,percent,FOMC median projection for 2023 PCE inflation,Federal Reserve,https://www.federalreserve.gov/monetarypolicy/fomcprojtabl20221214.htm,2023-12-31,2.7,percent,BEA,https://www.bea.gov/news/2024/gross-domestic-product-fourth-quarter-and-year-2023-advance-estimate,Fed projected 3.1 percent Q4-over-Q4 PCE inflation; BEA reported 2.7 percent.,Inflation finished moderately below the projection.,complete,eq,,
IEA_2021_RENEWABLES_2021,technology_energy,Global renewable capacity additions,2021-05-11,2021-12-31,renewable_capacity_additions,270.0,GW,IEA expected 270 GW of renewable capacity additions in 2021,IEA,https://www.iea.org/reports/renewable-energy-market-update-2021/renewable-electricity,2021-12-31,290.0,GW,IEA,https://www.iea.org/reports/renewables-2021/executive-summary,IEA forecast 270 GW; year-end reporting indicated almost 290 GW.,Renewable deployment modestly exceeded the forecast.,complete,eq,,
IEA_2021_RENEWABLES_2022,technology_energy,Global renewable capacity additions,2021-05-11,2022-12-31,renewable_capacity_additions,280.0,GW,IEA expected 280 GW of renewable capacity additions in 2022,IEA,https://www.iea.org/reports/renewable-energy-market-update-2021/renewable-electricity,2022-12-31,340.0,GW,IEA,https://www.iea.org/topics/global-energy-transitions-stocktake,IEA forecast 280 GW; later IEA reporting put 2022 additions near 340 GW.,Deployment materially exceeded the earlier forecast.,complete,eq,,
IEA_2021_SOLAR_2022,technology_energy,Global solar PV capacity additions,2021-05-11,2022-12-31,solar_capacity_additions,162.0,GW,IEA expected 162 GW of solar PV additions in 2022,IEA,https://www.iea.org/reports/renewable-energy-market-update-2021/renewable-electricity,2022-12-31,220.0,GW,IEA,https://www.iea.org/topics/global-energy-transitions-stocktake,IEA forecast 162 GW; later IEA reporting put 2022 solar additions near 220 GW.,Solar deployment significantly exceeded the earlier forecast.,complete,eq,,
IEA_2022_RENEWABLES_2022,technology_energy,Global renewable capacity additions,2022-05-11,2022-12-31,renewable_capacity_additions,300.0,GW,IEA expected renewable additions to exceed 300 GW in 2022,IEA,https://www.iea.org/reports/renewable-energy-market-update-may-2022/renewable-electricity,2022-12-31,340.0,GW,IEA,https://www.iea.org/topics/global-energy-transitions-stocktake,IEA expected more than 300 GW; later reporting showed nearly 340 GW.,The realized outcome came in above the forecast threshold.,complete,gt,,
IEA_2023_EV_SALES,technology_energy,Global electric car sales,2023-04-26,2023-12-31,electric_car_sales,14.0,million vehicles,IEA expected global electric car sales to reach 14 million in 2023,IEA,https://www.iea.org/news/demand-for-electric-cars-is-booming-with-sales-expected-to-leap-35-this-year-after-a-record-breaking-2022,2023-12-31,14.0,million vehicles,IEA,https://www.iea.org/reports/clean-energy-market-monitor-march-2024,IEA forecast 14 million EV sales for 2023; later reporting showed about 14 million.,The forecast was very close to the realized outcome.,complete,eq,,
FED_2024_GDP,economics,US real GDP growth,2023-12-13,2024-12-31,real_gdp_growth_q4_q4,1.4,percent,FOMC median projection for 2024 real GDP growth,Federal Reserve,https://www.federalreserve.gov/monetarypolicy/fomcprojtabl20231213.htm,2024-12-31,2.4,percent,Federal Reserve historical SEP table,https://www.federalreserve.gov/monetarypolicy/fomcprojtabl20260617.htm,Fed projected 1.4 percent Q4-over-Q4 real GDP growth; later historical data show about 2.4 percent.,Growth substantially exceeded the earlier projection.,complete,eq,,
FED_2024_UNEMP,economics,US unemployment rate,2023-12-13,2024-12-31,unemployment_rate_q4,4.1,percent,FOMC median projection for 2024 unemployment,Federal Reserve,https://www.federalreserve.gov/monetarypolicy/fomcprojtabl20231213.htm,2024-12-31,4.1,percent,Federal Reserve historical SEP table,https://www.federalreserve.gov/monetarypolicy/fomcprojtabl20260617.htm,Fed projected 4.1 percent unemployment; later historical data show about 4.1 percent.,The forecast was very close to the realized outcome.,complete,eq,,
FED_2024_PCE,economics,US PCE inflation,2023-12-13,2024-12-31,pce_inflation_q4_q4,2.4,percent,FOMC median projection for 2024 PCE inflation,Federal Reserve,https://www.federalreserve.gov/monetarypolicy/fomcprojtabl20231213.htm,2024-12-31,2.6,percent,Federal Reserve historical SEP table,https://www.federalreserve.gov/monetarypolicy/fomcprojtabl20260617.htm,Fed projected 2.4 percent PCE inflation; later historical data show about 2.6 percent.,Inflation finished modestly above the projection.,complete,eq,,
IEA_2024_EV_SALES,technology_energy,Global electric car sales,2024-04-23,2024-12-31,electric_car_sales,17.0,million vehicles,IEA expected global electric car sales to reach around 17 million in 2024,IEA,https://www.iea.org/news/the-worlds-electric-car-fleet-continues-to-grow-strongly-with-2024-sales-set-to-reach-17-million,2024-12-31,17.0,million vehicles,IEA,https://www.iea.org/reports/global-ev-outlook-2025/trends-in-electric-car-markets-2,IEA projected around 17 million EV sales; actual sales exceeded 17 million.,The forecast was very close to the realized outcome.,complete,eq,,
IEA_2020_EV_SALES,technology_energy,Global electric car sales,2020-05-27,2020-12-31,electric_car_sales,2.3,million vehicles,IEA central estimate expected global electric car sales to exceed 2.3 million in 2020.,IEA,https://www.iea.org/commentaries/as-the-covid-19-crisis-hammers-the-auto-industry-electric-cars-remain-a-bright-spot,2020-12-31,3.0,million vehicles,IEA,https://www.iea.org/commentaries/how-global-electric-car-sales-defied-covid-19-in-2020,IEA expected sales above 2.3 million; preliminary actual sales exceeded 3 million.,EV sales materially exceeded the pandemic-era forecast threshold.,complete,gt,,
IEA_2020_RENEWABLES_MAY,technology_energy,Global renewable capacity additions,2020-05-20,2020-12-31,renewable_capacity_additions,167.0,GW,IEA forecast 167 GW of renewable capacity additions in 2020.,IEA,https://www.iea.org/reports/renewable-energy-market-update/2020-and-2021-forecast-overview,2020-12-31,198.0,GW,IEA,https://www.iea.org/reports/renewables-2020/renewable-electricity-2,IEA's May forecast was 167 GW; later 2020 reporting put additions at about 198 GW.,Renewable deployment recovered faster than the earlier pandemic forecast anticipated.,complete,eq,,
IEA_2020_SOLAR_MAY,technology_energy,Global solar PV additions,2020-05-20,2020-12-31,solar_capacity_additions,90.0,GW,IEA expected solar PV additions to exceed 90 GW in 2020.,IEA,https://www.iea.org/reports/renewable-energy-market-update/2020-and-2021-forecast-overview,2020-12-31,107.0,GW,IEA,https://www.iea.org/reports/renewables-2020/solar-pv,IEA expected more than 90 GW; later reporting estimated about 107 GW.,Solar additions exceeded the earlier forecast threshold.,complete,gt,,
